id,name,fee,is_active,created_at,updated_at,deleted_at
0098f6a9-1f47-4567-bdb6-1348ba7543cd,campobet.dk,0.0000,true,2025-07-21 16:45:58.700713+00,2025-07-21 16:45:58.700713+00,
038dac19-98af-47aa-87e1-a1597ae5176e,betano,0.0000,true,2025-07-21 16:45:58.700713+00,2025-07-21 16:45:58.700713+00,
0533b69c-866a-4267-9dc4-0d0460fc644f,betano.dk,0.0000,true,2025-07-21 16:45:58.700713+00,2025-07-21 16:45:58.700713+00,
0644cea7-3c54-4988-bda5-7c2d9bea2845,7bet.lt,0.0000,true,2025-07-21 16:45:58.700713+00,2025-07-21 16:45:58.700713+00,
06a6191e-decd-4191-92c3-373d27f06a84,yesplay,0.0000,true,2025-07-21 16:45:58.700713+00,2025-07-21 16:45:58.700713+00,
0802ccee-2e5c-4e91-873f-f0049226b426,198bet,0.0000,true,2025-07-21 16:45:58.700713+00,2025-07-21 16:45:58.700713+00,
08934325-5d46-42ab-9821-e2d19e9659f0,melbet,0.0000,true,2025-07-21 16:45:58.700713+00,2025-07-21 16:45:58.700713+00,
08d79152-6b3e-436b-b27b-3394aa061b5a,napoleonsports.be,0.0000,true,2025-07-21 16:45:58.700713+00,2025-07-21 16:45:58.700713+00,
091a1706-e3d7-401f-8292-0689b02b6a3b,hth,0.0000,true,2025-07-21 16:45:58.700713+00,2025-07-21 16:45:58.700713+00,
0a06b42c-2c19-4e40-92f0-59096e3b406d,sportwetten.de,0.0000,true,2025-07-21 16:45:58.700713+00,2025-07-21 16:45:58.700713+00,
0a3a043c-75b0-4e3c-90ac-604c90b6ad49,888sport.ca,0.0000,true,2025-07-21 16:45:58.700713+00,2025-07-21 16:45:58.700713+00,
0cccba39-69d0-4e82-9721-9a8da159fd12,tabtouch,0.0000,true,2025-07-21 16:45:58.700713+00,2025-07-21 16:45:58.700713+00,
0cd7ccd5-b5ec-49e3-8a02-8624fc6e838b,unibet.nl,0.0000,true,2025-07-21 16:45:58.700713+00,2025-07-21 16:45:58.700713+00,
0d19c6c4-deff-45c1-8d52-0e96cfedfa06,leovegas.es,0.0000,true,2025-07-21 16:45:58.700713+00,2025-07-21 16:45:58.700713+00,
0d700842-715c-4cf9-828c-de5675f44cc8,bingoal.be,0.0000,true,2025-07-21 16:45:58.700713+00,2025-07-21 16:45:58.700713+00,
0dc57758-0a51-4e61-b188-de188e4d7b02,tonybet,0.0000,true,2025-07-21 16:45:58.700713+00,2025-07-21 16:45:58.700713+00,
104e4654-eb36-4020-9195-bf966ab5010d,orbitx,0.0000,true,2025-07-21 16:45:58.700713+00,2025-07-21 16:45:58.700713+00,
117d7aa8-9b5c-4c93-ad1e-a951f87f88e5,bfb247,0.0000,true,2025-07-21 16:45:58.700713+00,2025-07-21 16:45:58.700713+00,
119abab6-ca30-4829-b7cd-13259fe000f9,bwin.pt,0.0000,true,2025-07-21 16:45:58.700713+00,2025-07-21 16:45:58.700713+00,
1640a80b-66f8-4c07-b31b-21110796ad80,copybet,0.0000,true,2025-07-21 16:45:58.700713+00,2025-07-21 16:45:58.700713+00,
176f3e6d-2516-4c7a-8ee3-268cfb2a20cc,mystake,0.0000,true,2025-07-21 16:45:58.700713+00,2025-07-21 16:45:58.700713+00,
179423ec-b172-4e9a-a23a-2af165e57a1e,betwinner,0.0000,true,2025-07-21 16:45:58.700713+00,2025-07-21 16:45:58.700713+00,
19358955-b0c7-4040-b23d-079b757ca795,betcity.nl,0.0000,true,2025-07-21 16:45:58.700713+00,2025-07-21 16:45:58.700713+00,
19b477af-ba65-4bd5-8b92-643b77272ac1,betify,0.0000,true,2025-07-21 16:45:58.700713+00,2025-07-21 16:45:58.700713+00,
1a7e4798-df1c-416e-aff6-d00868312e90,virginbet,0.0000,true,2025-07-21 16:45:58.700713+00,2025-07-21 16:45:58.700713+00,
1b4dce37-c676-4b84-9ab5-ef3dbd97f3c0,wplay.co,0.0000,true,2025-07-21 16:45:58.700713+00,2025-07-21 16:45:58.700713+00,
1b8042dd-0e7a-47c2-bf19-c7624b020bea,rabona,0.0000,true,2025-07-21 16:45:58.700713+00,2025-07-21 16:45:58.700713+00,
1d782909-0c08-4ada-87d3-5257b608c87d,lottoland,0.0000,true,2025-07-21 16:45:58.700713+00,2025-07-21 16:45:58.700713+00,
1db505ae-397e-4354-9258-67f7558f2180,campeonbet,0.0000,true,2025-07-21 16:45:58.700713+00,2025-07-21 16:45:58.700713+00,
1dc4480e-d79d-4784-abc1-33ea0531ae45,betcenter.be,0.0000,true,2025-07-21 16:45:58.700713+00,2025-07-21 16:45:58.700713+00,
22a36475-b738-4fbb-a405-8a4de58e0fa3,highbet.co.uk,0.0000,true,2025-07-21 16:45:58.700713+00,2025-07-21 16:45:58.700713+00,
22e6a7b9-b5f1-4847-a3b7-7a9587e22e38,kto,0.0000,true,2025-07-21 16:45:58.700713+00,2025-07-21 16:45:58.700713+00,
23e15a69-2001-4ef9-adc6-e13cf1e262b9,asports.bet,0.0000,true,2025-07-21 16:45:58.700713+00,2025-07-21 16:45:58.700713+00,
267bb66c-ec1e-41fe-ae1f-88d689c1a5f9,vave,0.0000,true,2025-07-21 16:45:58.700713+00,2025-07-21 16:45:58.700713+00,
28098d89-097d-4349-9e52-dcf47619f27b,unibet.se,0.0000,true,2025-07-21 16:45:58.700713+00,2025-07-21 16:45:58.700713+00,
29db14b0-00bf-4173-8128-40659fda0691,unibet.com.au,0.0000,true,2025-07-21 16:45:58.700713+00,2025-07-21 16:45:58.700713+00,
2bc6a54d-88bd-46af-9aff-37ffeafc45f2,apuestatotal,0.0000,true,2025-07-21 16:45:58.700713+00,2025-07-21 16:45:58.700713+00,
2dbbedad-7e8c-4a6a-be8e-b4f783bf99c1,velobet,0.0000,true,2025-07-21 16:45:58.700713+00,2025-07-21 16:45:58.700713+00,
2e8d9d72-3d21-472a-99d0-c23124494729,unibet.dk,0.0000,true,2025-07-21 16:45:58.700713+00,2025-07-21 16:45:58.700713+00,
307cc67f-9864-4456-acf3-be4107ea6f71,net88.co.uk,0.0000,true,2025-07-21 16:45:58.700713+00,2025-07-21 16:45:58.700713+00,
338d9fe8-74d7-4d9b-a53f-4a0ee3cbc3a3,winamax.de,0.0000,true,2025-07-21 16:45:58.700713+00,2025-07-21 16:45:58.700713+00,
33d08c27-81a4-4c11-912f-a9f6a5b6fe50,winpot.mx,0.0000,true,2025-07-21 16:45:58.700713+00,2025-07-21 16:45:58.700713+00,
35110c3e-c68c-4676-8e86-65287bfa6065,rajbets,0.0000,true,2025-07-21 16:45:58.700713+00,2025-07-21 16:45:58.700713+00,
39a40445-f6be-4508-9547-c607f7e6e11e,pin88,0.0000,true,2025-07-21 16:45:58.700713+00,2025-07-21 16:45:58.700713+00,
39f3c2ae-b7aa-4a14-98df-0b936556e683,bet365.de,0.0000,true,2025-07-21 16:45:58.700713+00,2025-07-21 16:45:58.700713+00,
3dd2862a-36b6-40b7-b7e1-9d5dea957989,freshbet,0.0000,true,2025-07-21 16:45:58.700713+00,2025-07-21 16:45:58.700713+00,
3de824cc-9814-4c33-a78d-8cac6abad62f,alphawin,0.0000,true,2025-07-21 16:45:58.700713+00,2025-07-21 16:45:58.700713+00,
3f2add94-65df-40ed-8991-300fdc0c9e5e,betika,0.0000,true,2025-07-21 16:45:58.700713+00,2025-07-21 16:45:58.700713+00,
3fa9fd99-902e-4e06-abae-65d55ffbbb25,winamax.es,0.0000,true,2025-07-21 16:45:58.700713+00,2025-07-21 16:45:58.700713+00,
3ff7931d-210a-435d-b1d8-bb8a0c0530e2,betfair-ex,0.0000,true,2025-07-21 16:45:58.700713+00,2025-07-21 16:45:58.700713+00,
41854640-80f1-4e4b-a3cf-8ab333cdd20e,pb77,0.0000,true,2025-07-21 16:45:58.700713+00,2025-07-21 16:45:58.700713+00,
41a3c468-e086-4dd5-883a-d740d802c629,pinnacle,0.0000,true,2025-07-21 16:45:58.700713+00,2025-07-21 16:45:58.700713+00,
429f68fd-f23b-4c48-bfb2-5222ce358c2f,nextbet,0.0000,true,2025-07-21 16:45:58.700713+00,2025-07-21 16:45:58.700713+00,
43319a19-73ff-4ecc-9a69-c854bf6d559b,betano.ca,0.0000,true,2025-07-21 16:45:58.700713+00,2025-07-21 16:45:58.700713+00,
459827e2-9f9c-49e0-8d50-299b53d9cc34,marcaapuestas,0.0000,true,2025-07-21 16:45:58.700713+00,2025-07-21 16:45:58.700713+00,
4843afa1-b730-486f-bb78-a4aef8e5960b,fourwinds,0.0000,true,2025-07-21 16:45:58.700713+00,2025-07-21 16:45:58.700713+00,
4931d85d-90a9-46fc-8c84-b9cc0355032c,unibet.co.uk,0.0000,true,2025-07-21 16:45:58.700713+00,2025-07-21 16:45:58.700713+00,
49e0dad3-76f0-4c90-b3f8-760cde285993,betano.bg,0.0000,true,2025-07-21 16:45:58.700713+00,2025-07-21 16:45:58.700713+00,
4ac4647a-6b95-4383-928c-dce48dc64a64,winbet.ro,0.0000,true,2025-07-21 16:45:58.700713+00,2025-07-21 16:45:58.700713+00,
4bc6d0d5-4237-45c5-8839-9acee4b963e2,bwin.es,0.0000,true,2025-07-21 16:45:58.700713+00,2025-07-21 16:45:58.700713+00,
4e155d9f-84b8-49bd-8cbc-f0364783d9e3,3et,0.0000,true,2025-07-21 16:45:58.700713+00,2025-07-21 16:45:58.700713+00,
5138ab4d-0e9c-4593-a6c9-1b44e96ff1e5,esportivabet,0.0000,true,2025-07-21 16:45:58.700713+00,2025-07-21 16:45:58.700713+00,
52c379c7-d293-448b-bb0e-3d97235e5973,Fanatics,0.0000,true,2025-07-21 16:45:58.700713+00,2025-07-21 16:45:58.700713+00,
5ae5eb42-1738-4eed-8851-4b1c5066e4af,indibet,0.0000,true,2025-07-21 16:45:58.700713+00,2025-07-21 16:45:58.700713+00,
5b20424c-60d5-4bb9-8c49-d901b628cd6c,allbritishcasino,0.0000,true,2025-07-21 16:45:58.700713+00,2025-07-21 16:45:58.700713+00,
5c0e8eb9-95f0-4c44-bf7c-a3acad823087,inbet,0.0000,true,2025-07-21 16:45:58.700713+00,2025-07-21 16:45:58.700713+00,
5d096137-fba9-45bd-bbad-6865d86f6582,Bovada,0.0000,true,2025-07-21 16:45:58.700713+00,2025-07-21 16:45:58.700713+00,
5d2499bb-656b-4006-8e11-7d9bcdeda790,coolbet,0.0000,true,2025-07-21 16:45:58.700713+00,2025-07-21 16:45:58.700713+00,
5e02c81a-c435-442f-bd6e-c42cd73383d5,unibet,0.0000,true,2025-07-21 16:45:58.700713+00,2025-07-21 16:45:58.700713+00,
5e25a952-5fb9-4e27-9186-d0b7734c7c06,fdj,0.0000,true,2025-07-21 16:45:58.700713+00,2025-07-21 16:45:58.700713+00,
5ec8333d-a3ff-418e-a1b4-a27de81f4158,bet487,0.0000,true,2025-07-21 16:45:58.700713+00,2025-07-21 16:45:58.700713+00,
5fc37aa7-9f75-46a5-8ab7-bcffd36bb816,mozzartbet,0.0000,true,2025-07-21 16:45:58.700713+00,2025-07-21 16:45:58.700713+00,
611dd651-297e-4fe6-bd1c-69c0ca9d5ee4,boylesports,0.0000,true,2025-07-21 16:45:58.700713+00,2025-07-21 16:45:58.700713+00,
631aed72-f458-4172-aac0-2073cc077ca7,winamax.fr,0.0000,true,2025-07-21 16:45:58.700713+00,2025-07-21 16:45:58.700713+00,
635ccdee-08b9-493e-bc44-1556c03d5957,betplay,0.0000,true,2025-07-21 16:45:58.700713+00,2025-07-21 16:45:58.700713+00,
6381430b-fbbe-415f-be0a-f424e99900f2,betsson,0.0000,true,2025-07-21 16:45:58.700713+00,2025-07-21 16:45:58.700713+00,
640a31a4-4d1a-460c-bb29-25f54b993661,betano.mx,0.0000,true,2025-07-21 16:45:58.700713+00,2025-07-21 16:45:58.700713+00,
65f76b3e-bb48-49d7-a974-08bfed165b99,sportaza,0.0000,true,2025-07-21 16:45:58.700713+00,2025-07-21 16:45:58.700713+00,
65fbc66b-2607-47d3-9195-5444fde20638,greatwin,0.0000,true,2025-07-21 16:45:58.700713+00,2025-07-21 16:45:58.700713+00,
66515f92-27fd-4685-87bc-9158fd2c9a4e,goldenbet,0.0000,true,2025-07-21 16:45:58.700713+00,2025-07-21 16:45:58.700713+00,
66a40386-5c57-4f4f-862c-6ad2e9ec4fcb,paf.es,0.0000,true,2025-07-21 16:45:58.700713+00,2025-07-21 16:45:58.700713+00,
6a1adce6-2421-4639-b1d3-8be3499d9055,vistabet,0.0000,true,2025-07-21 16:45:58.700713+00,2025-07-21 16:45:58.700713+00,
6bd8f5d7-2b3d-47f7-a566-1622bcfe926a,betparx,0.0000,true,2025-07-21 16:45:58.700713+00,2025-07-21 16:45:58.700713+00,
6c00f0b1-96b7-4957-a26d-43ea71e70eec,sportingbet,0.0000,true,2025-07-21 16:45:58.700713+00,2025-07-21 16:45:58.700713+00,
6e250fe7-4509-4025-b6b1-c6cc49f42669,888sport.it,0.0000,true,2025-07-21 16:45:58.700713+00,2025-07-21 16:45:58.700713+00,
6e75a5de-f2d4-4480-99ff-ea0710cd714f,atg.se,0.0000,true,2025-07-21 16:45:58.700713+00,2025-07-21 16:45:58.700713+00,
6ffe081e-e196-44ec-ac67-630c8256cd37,unibet.fr,0.0000,true,2025-07-21 16:45:58.700713+00,2025-07-21 16:45:58.700713+00,
70261af4-2915-4d0b-a8ac-cd079fa96488,sugarhouse,0.0000,true,2025-07-21 16:45:58.700713+00,2025-07-21 16:45:58.700713+00,
71f823da-27ed-4b86-9c57-bbfc164ad553,partypoker,0.0000,true,2025-07-21 16:45:58.700713+00,2025-07-21 16:45:58.700713+00,
72c6f7ff-012a-4446-9fe7-2d6ec01960e9,borgata,0.0000,true,2025-07-21 16:45:58.700713+00,2025-07-21 16:45:58.700713+00,
756b2c63-f121-416b-ae32-a52e7ab74c8c,solabet,0.0000,true,2025-07-21 16:45:58.700713+00,2025-07-21 16:45:58.700713+00,
75976014-7243-4b15-906d-c72e3a65b638,bwin,0.0000,true,2025-07-21 16:45:58.700713+00,2025-07-21 16:45:58.700713+00,
7654e40b-09f4-4aa9-89bb-6bf632d852a3,rollbit,0.0000,true,2025-07-21 16:45:58.700713+00,2025-07-21 16:45:58.700713+00,
79be5d8d-6bae-4915-9e52-dbcbe2696669,leovegas,0.0000,true,2025-07-21 16:45:58.700713+00,2025-07-21 16:45:58.700713+00,
7aa1ba11-4cd9-4e52-9c72-7337318d2184,estrelabet,0.0000,true,2025-07-21 16:45:58.700713+00,2025-07-21 16:45:58.700713+00,
7b13563f-cb7e-4ee1-98d5-49dceffe03d2,sts.pl,0.0000,true,2025-07-21 16:45:58.700713+00,2025-07-21 16:45:58.700713+00,
7cf07b5c-8f5c-4efc-b972-d36775c3a84a,paf,0.0000,true,2025-07-21 16:45:58.700713+00,2025-07-21 16:45:58.700713+00,
7e1d0ec1-19ff-4a8f-95d0-101fe1283bae,888sport.ro,0.0000,true,2025-07-21 16:45:58.700713+00,2025-07-21 16:45:58.700713+00,
7f70f619-eeb3-4643-a8bf-639cbbfa6014,dafabet,0.0000,true,2025-07-21 16:45:58.700713+00,2025-07-21 16:45:58.700713+00,
823eb0cf-1fc3-4262-8f0e-ef7e13d61b4e,casumo,0.0000,true,2025-07-21 16:45:58.700713+00,2025-07-21 16:45:58.700713+00,
834c26c6-1eed-48f7-afc3-22f3b2518809,betway,0.0000,true,2025-07-21 16:45:58.700713+00,2025-07-21 16:45:58.700713+00,
854f9ae1-7019-45ec-ac87-cdf2d19e43ac,pixbet,0.0000,true,2025-07-21 16:45:58.700713+00,2025-07-21 16:45:58.700713+00,
85cf9a35-5b3d-46f2-8755-fb1f3b263d48,mrbit.ro,0.0000,true,2025-07-21 16:45:58.700713+00,2025-07-21 16:45:58.700713+00,
88e9f3ce-5628-437b-b7b1-a6f7ba2ee8ea,bet9ja,0.0000,true,2025-07-21 16:45:58.700713+00,2025-07-21 16:45:58.700713+00,
88f0bf47-8209-40f9-9b66-cf10753c8aed,cashpoint.dk,0.0000,true,2025-07-21 16:45:58.700713+00,2025-07-21 16:45:58.700713+00,
8968bee8-5dac-4b55-8134-53c46b808970,vbet.ua,0.0000,true,2025-07-21 16:45:58.700713+00,2025-07-21 16:45:58.700713+00,
89eecff9-286c-4366-92fa-3782e4777309,zebet.fr,0.0000,true,2025-07-21 16:45:58.700713+00,2025-07-21 16:45:58.700713+00,
8a591bbb-c8f9-475c-8dfd-373413a5ea66,leyusports,0.0000,true,2025-07-21 16:45:58.700713+00,2025-07-21 16:45:58.700713+00,
8ac3516a-0950-4660-95df-a08e9c5666b1,admiral,0.0000,true,2025-07-21 16:45:58.700713+00,2025-07-21 16:45:58.700713+00,
8c3cb39f-0f14-4632-895f-9f946e497c9b,fun88.co.uk,0.0000,true,2025-07-21 16:45:58.700713+00,2025-07-21 16:45:58.700713+00,
8c94adb1-7981-45a2-a389-7f7d25d30c12,cryptoleo,0.0000,true,2025-07-21 16:45:58.700713+00,2025-07-21 16:45:58.700713+00,
8e910a9b-8fab-4a3f-a3a0-55c7bac0780c,leovegas.it,0.0000,true,2025-07-21 16:45:58.700713+00,2025-07-21 16:45:58.700713+00,
8f23bc68-e708-4589-8295-af486cb443b2,duelbits,0.0000,true,2025-07-21 16:45:58.700713+00,2025-07-21 16:45:58.700713+00,
90db2258-0f21-496e-a8a3-b0201230c7e5,betfury,0.0000,true,2025-07-21 16:45:58.700713+00,2025-07-21 16:45:58.700713+00,
911c7dfd-eabf-4161-8ab3-b64dd7920855,bwin.de,0.0000,true,2025-07-21 16:45:58.700713+00,2025-07-21 16:45:58.700713+00,
93890312-a093-4e29-aab5-5d2f105946b1,bolsadeaposta-spb,0.0000,true,2025-07-21 16:45:58.700713+00,2025-07-21 16:45:58.700713+00,
962a70f9-2a22-41eb-8acd-d3846b5617fd,fair999-ex,0.0000,true,2025-07-21 16:45:58.700713+00,2025-07-21 16:45:58.700713+00,
963afcaa-74ce-4774-a8c7-16a2b1aab5bc,draftkings,0.0000,true,2025-07-21 16:45:58.700713+00,2025-07-21 16:45:58.700713+00,
96409c59-a02e-42e1-bd66-64447b142078,rolletto,0.0000,true,2025-07-21 16:45:58.700713+00,2025-07-21 16:45:58.700713+00,
97cb9eaf-d8ce-4d06-8b31-36a115b88360,vbet.fr,0.0000,true,2025-07-21 16:45:58.700713+00,2025-07-21 16:45:58.700713+00,
98d9e843-5a7b-4f04-b337-c194be4770ec,piwi247-spb,0.0000,true,2025-07-21 16:45:58.700713+00,2025-07-21 16:45:58.700713+00,
9a59d23a-c3e6-45e6-857a-7e944bd4661a,unibet.it,0.0000,true,2025-07-21 16:45:58.700713+00,2025-07-21 16:45:58.700713+00,
9d8d5f66-2a8c-4da1-9143-cf9dd557b50b,1xbet,0.0000,true,2025-07-21 16:45:58.700713+00,2025-07-21 16:45:58.700713+00,
9ea928c8-3e66-4d69-95e3-75d0e9772cde,leovegas.uk,0.0000,true,2025-07-21 16:45:58.700713+00,2025-07-21 16:45:58.700713+00,
9f8cdb59-e232-4209-8e08-48f33cf944cd,betinia.dk,0.0000,true,2025-07-21 16:45:58.700713+00,2025-07-21 16:45:58.700713+00,
a1cabbe2-d7ff-44aa-b4b7-f870e96873e3,caliente,0.0000,true,2025-07-21 16:45:58.700713+00,2025-07-21 16:45:58.700713+00,
a24f285f-ca61-4abb-ab4b-c027c4530a47,starcasino.be,0.0000,true,2025-07-21 16:45:58.700713+00,2025-07-21 16:45:58.700713+00,
a3caa9b9-5c3a-4bc2-9d7d-ba9008b0e024,gamebookers,0.0000,true,2025-07-21 16:45:58.700713+00,2025-07-21 16:45:58.700713+00,
a3e64e1f-4199-4177-bc24-43ee5a2c1c8f,netbet,0.0000,true,2025-07-21 16:45:58.700713+00,2025-07-21 16:45:58.700713+00,
a4cb59e8-a266-4141-8e6f-9043d96f7bca,sportybet,0.0000,true,2025-07-21 16:45:58.700713+00,2025-07-21 16:45:58.700713+00,
a4fb81f8-ba8c-4012-bd74-10f78846d6ea,BetMGM,0.0000,true,2025-07-21 16:45:58.700713+00,2025-07-21 16:45:58.700713+00,
a5084583-c3c2-47f2-a053-fe95051ad162,inkabet,0.0000,true,2025-07-21 16:45:58.700713+00,2025-07-21 16:45:58.700713+00,
a5b8c855-6063-419f-98dd-87236b932629,paddypower,0.0000,true,2025-07-21 16:45:58.700713+00,2025-07-21 16:45:58.700713+00,
a989a4f6-3816-4599-b228-9659c91c8685,vertex,0.0000,true,2025-07-21 16:45:58.700713+00,2025-07-21 16:45:58.700713+00,
ac0159a5-ad29-4f5c-8fe3-f880acc72268,fortunejack,0.0000,true,2025-07-21 16:45:58.700713+00,2025-07-21 16:45:58.700713+00,
ad5ede82-25e6-43a9-b171-c8ef45b02c0e,grosvenor,0.0000,true,2025-07-21 16:45:58.700713+00,2025-07-21 16:45:58.700713+00,
ae296341-4efe-4565-8519-0ac13ede9b4d,vbet.co.uk,0.0000,true,2025-07-21 16:45:58.700713+00,2025-07-21 16:45:58.700713+00,
ae49f6eb-8841-4506-ac18-00c1dd9547d2,wazamba,0.0000,true,2025-07-21 16:45:58.700713+00,2025-07-21 16:45:58.700713+00,
ae53b922-9962-49e0-9f42-03cb8fe01d23,quickwin,0.0000,true,2025-07-21 16:45:58.700713+00,2025-07-21 16:45:58.700713+00,
afcfe88c-fa13-4209-aa3f-7423d3aa94cd,betsafe,0.0000,true,2025-07-21 16:45:58.700713+00,2025-07-21 16:45:58.700713+00,
b093eb57-fc63-489a-842f-8b971b8df5cb,desertdiamond,0.0000,true,2025-07-21 16:45:58.700713+00,2025-07-21 16:45:58.700713+00,
b0b96f49-773e-4324-b92e-eaec322b7f90,kaiyun,0.0000,true,2025-07-21 16:45:58.700713+00,2025-07-21 16:45:58.700713+00,
b0ef6ce7-e44d-41fb-b09b-11eb309f87d9,888sport.dk,0.0000,true,2025-07-21 16:45:58.700713+00,2025-07-21 16:45:58.700713+00,
b36c6d2a-306e-48ae-9e6b-0fe8767e52db,stake,0.0000,true,2025-07-21 16:45:58.700713+00,2025-07-21 16:45:58.700713+00,
b4c444a4-f34a-4c7e-9d56-cf03a84719e0,31bet,0.0000,true,2025-07-21 16:45:58.700713+00,2025-07-21 16:45:58.700713+00,
b7a888f0-d8fe-4f28-a535-2638769b1842,betano.de,0.0000,true,2025-07-21 16:45:58.700713+00,2025-07-21 16:45:58.700713+00,
b7f8b77b-7d78-4c7c-8835-4926b6897ff6,bwin.it,0.0000,true,2025-07-21 16:45:58.700713+00,2025-07-21 16:45:58.700713+00,
b9661876-5b49-48f0-8881-89bb74fdc475,jackbit,0.0000,true,2025-07-21 16:45:58.700713+00,2025-07-21 16:45:58.700713+00,
b9c5af56-a82a-4233-91c3-1cae207a2079,superbet,0.0000,true,2025-07-21 16:45:58.700713+00,2025-07-21 16:45:58.700713+00,
baa1e052-0717-4eb1-84f1-97e44254a941,ninecasino,0.0000,true,2025-07-21 16:45:58.700713+00,2025-07-21 16:45:58.700713+00,
bb534257-53e3-45dc-bcdf-01eba92f7aa9,superbet.ro,0.0000,true,2025-07-21 16:45:58.700713+00,2025-07-21 16:45:58.700713+00,
bb9a1a51-3b1f-4ad8-867e-b51c3b9a3e49,22bet,0.0000,true,2025-07-21 16:45:58.700713+00,2025-07-21 16:45:58.700713+00,
bc952c82-4373-441e-bcb2-c9ef06697bd4,bpremium,0.0000,true,2025-07-21 16:45:58.700713+00,2025-07-21 16:45:58.700713+00,
c03b05ac-ec58-4252-9eb6-2565d19bb927,rushbet.co,0.0000,true,2025-07-21 16:45:58.700713+00,2025-07-21 16:45:58.700713+00,
c1ad3b2d-166d-4f5e-9528-ff42e8137241,MyBookie.ag,0.0000,true,2025-07-21 16:45:58.700713+00,2025-07-21 16:45:58.700713+00,
c337e79f-8a82-4d77-a261-37cb4d75d23c,librabet,0.0000,true,2025-07-21 16:45:58.700713+00,2025-07-21 16:45:58.700713+00,
c52d00ae-ad1f-434f-9ed7-0fcba14a74eb,888sport.de,0.0000,true,2025-07-21 16:45:58.700713+00,2025-07-21 16:45:58.700713+00,
c6067448-535c-44e6-8bc2-ca607d733e98,tab.com.au,0.0000,true,2025-07-21 16:45:58.700713+00,2025-07-21 16:45:58.700713+00,
ca9216a0-20ef-4a09-8fa9-9898355e20fd,nordicbet,0.0000,true,2025-07-21 16:45:58.700713+00,2025-07-21 16:45:58.700713+00,
caf32b72-a4ac-4c74-9eca-a495bbaec933,sisal.it,0.0000,true,2025-07-21 16:45:58.700713+00,2025-07-21 16:45:58.700713+00,
caf5646d-678b-4935-a86f-0cbc4a74f6df,BetOnline.ag,0.0000,true,2025-07-21 16:45:58.700713+00,2025-07-21 16:45:58.700713+00,
cb0e8fc2-a077-4ab7-ad98-461a842a7aae,tiptorro,0.0000,true,2025-07-21 16:45:58.700713+00,2025-07-21 16:45:58.700713+00,
cb21728e-9039-4c02-b398-0ea1a88fbb34,stoiximan,0.0000,true,2025-07-21 16:45:58.700713+00,2025-07-21 16:45:58.700713+00,
cd586fa5-c294-413e-99f3-258bbc60331d,livescorebet,0.0000,true,2025-07-21 16:45:58.700713+00,2025-07-21 16:45:58.700713+00,
ce996a90-c4bf-40b3-803f-daffe6c19b4f,bet365,0.0000,true,2025-07-21 16:45:58.700713+00,2025-07-21 16:45:58.700713+00,
cefb9263-663c-485b-8b5b-6c88b6761d2e,unibet.ro,0.0000,true,2025-07-21 16:45:58.700713+00,2025-07-21 16:45:58.700713+00,
cf6133cb-676c-4057-bc25-d697c0e1b3de,piwi247-ex,0.0000,true,2025-07-21 16:45:58.700713+00,2025-07-21 16:45:58.700713+00,
d0f4c753-b2a3-4f02-ace3-f23d6987184a,FanDuel,0.0000,true,2025-07-21 16:45:58.700713+00,2025-07-21 16:45:58.700713+00,
d15a4883-608b-4fe2-bc9a-ab2a0b8d70fc,odibets,0.0000,true,2025-07-21 16:45:58.700713+00,2025-07-21 16:45:58.700713+00,
d2a29d5e-b122-4cc5-936e-b51312c4d7db,betano.pe,0.0000,true,2025-07-21 16:45:58.700713+00,2025-07-21 16:45:58.700713+00,
d2c4d806-b0a4-468b-a63b-78290527900f,bcgame,0.0000,true,2025-07-21 16:45:58.700713+00,2025-07-21 16:45:58.700713+00,
d52aec0b-069d-46cc-8a80-16ce20cec489,888sport,0.0000,true,2025-07-21 16:45:58.700713+00,2025-07-21 16:45:58.700713+00,
d543b534-8a9c-403c-bcbf-ab64a9cb6767,BetRivers,0.0000,true,2025-07-21 16:45:58.700713+00,2025-07-21 16:45:58.700713+00,
d74ef5b3-2a96-4980-9344-abd42c6b5071,sbobet,0.0000,true,2025-07-21 16:45:58.700713+00,2025-07-21 16:45:58.700713+00,
db9b1a20-2177-4880-9145-9cad3df9870d,betvictor,0.0000,true,2025-07-21 16:45:58.700713+00,2025-07-21 16:45:58.700713+00,
dcfc374b-2a51-4c85-b12a-63525cc8534d,bluechip,0.0000,true,2025-07-21 16:45:58.700713+00,2025-07-21 16:45:58.700713+00,
de5429d4-3158-448d-9cd6-e94f828b45c3,BetUS,0.0000,true,2025-07-21 16:45:58.700713+00,2025-07-21 16:45:58.700713+00,
ded97c01-c2df-4167-91b1-2dc1ba1d0975,fezbet,0.0000,true,2025-07-21 16:45:58.700713+00,2025-07-21 16:45:58.700713+00,
df0bb5f5-56c7-4e1a-8237-6099b3cf18ee,sportsinteraction,0.0000,true,2025-07-21 16:45:58.700713+00,2025-07-21 16:45:58.700713+00,
e1bbc8b0-9db4-4ee2-8ced-ee31a76bc4ab,ole777,0.0000,true,2025-07-21 16:45:58.700713+00,2025-07-21 16:45:58.700713+00,
e29f2b38-bb92-4918-ba64-92454f55ef5f,oddset,0.0000,true,2025-07-21 16:45:58.700713+00,2025-07-21 16:45:58.700713+00,
e3aebc18-7fa3-4d41-80b2-da7ca5180db3,winbet.bg,0.0000,true,2025-07-21 16:45:58.700713+00,2025-07-21 16:45:58.700713+00,
e6c48182-5615-49ef-8e3c-831eeab01743,betuk,0.0000,true,2025-07-21 16:45:58.700713+00,2025-07-21 16:45:58.700713+00,
ea700251-7d1f-4280-98c8-87d9fe8f9512,sharpbet,0.0000,true,2025-07-21 16:45:58.700713+00,2025-07-21 16:45:58.700713+00,
eab937f4-2087-42c1-81d0-47926689d1d5,ps3838,0.0000,true,2025-07-21 16:45:58.700713+00,2025-07-21 16:45:58.700713+00,
eb03e1dc-e3bc-4bf6-9743-85dc5ac98e68,circusbet.fr,0.0000,true,2025-07-21 16:45:58.700713+00,2025-07-21 16:45:58.700713+00,
ecdba693-d59f-4e38-b96b-3d61aaeb3adb,jacks.nl,0.0000,true,2025-07-21 16:45:58.700713+00,2025-07-21 16:45:58.700713+00,
ed8070ff-72aa-4160-953b-26dd7fecefdb,pmu,0.0000,true,2025-07-21 16:45:58.700713+00,2025-07-21 16:45:58.700713+00,
eeed0afc-d58a-4714-aa8d-1c975b56cbac,1xbit,0.0000,true,2025-07-21 16:45:58.700713+00,2025-07-21 16:45:58.700713+00,
ef8c7868-2f37-45a7-b20b-e76d0f99a421,ladbrokes,0.0000,true,2025-07-21 16:45:58.700713+00,2025-07-21 16:45:58.700713+00,
f1eded03-8c3d-49bf-8afe-bd32c323e176,playpix,0.0000,true,2025-07-21 16:45:58.700713+00,2025-07-21 16:45:58.700713+00,
f56b1459-4b47-42aa-9ee1-054f6f976014,parimatch.co.uk,0.0000,true,2025-07-21 16:45:58.700713+00,2025-07-21 16:45:58.700713+00,
f6848e0e-03a2-4784-a731-39549631f77e,LowVig.ag,0.0000,true,2025-07-21 16:45:58.700713+00,2025-07-21 16:45:58.700713+00,
f6bdc6f2-9613-411e-8977-0f04ccf07a2a,sharpxch,0.0000,true,2025-07-21 16:45:58.700713+00,2025-07-21 16:45:58.700713+00,
f75fb654-bb8f-4f1e-8913-664914ad00c9,vbet,0.0000,true,2025-07-21 16:45:58.700713+00,2025-07-21 16:45:58.700713+00,
f8d9192a-f64b-46e4-87f2-6ac7c1832a75,wettarena,0.0000,true,2025-07-21 16:45:58.700713+00,2025-07-21 16:45:58.700713+00,
f8ee8b3c-2266-4451-ac58-b3515d39e4ba,888sport.es,0.0000,true,2025-07-21 16:45:58.700713+00,2025-07-21 16:45:58.700713+00,
fa0aff63-b658-49e3-8bd4-5b218155312b,roobet,0.0000,true,2025-07-21 16:45:58.700713+00,2025-07-21 16:45:58.700713+00,
fca09a68-76ce-480d-9665-84de7be63d51,bwin.fr,0.0000,true,2025-07-21 16:45:58.700713+00,2025-07-21 16:45:58.700713+00,
fd3c0665-f27a-433f-81ad-1b1fbd8ccac1,singbet,0.0000,true,2025-07-21 16:45:58.700713+00,2025-07-21 16:45:58.700713+00,
fe6bc0f8-e8a9-4083-9401-766d30817009,DraftKings,0.0000,true,2025-07-21 16:45:58.700713+00,2025-07-21 16:45:58.700713+00,
ff6e6345-53f8-4638-aa84-7a77761e60ca,unibet.be,0.0000,true,2025-07-21 16:45:58.700713+00,2025-07-21 16:45:58.700713+00,
ff9c411d-067b-426d-8c6c-3fd8d555ce2d,powbet,0.0000,true,2025-07-21 16:45:58.700713+00,2025-07-21 16:45:58.700713+00,
ffbd571e-1294-44f7-b53b-f1b9cd915849,betonred,0.0000,true,2025-07-21 16:45:58.700713+00,2025-07-21 16:45:58.700713+00,